Type,Name,Request Count,Failure Count,Median Response Time,Average Response Time,Min Response Time,Max Response Time,Average Content Size,Requests/s,Failures/s,50%,66%,75%,80%,90%,95%,98%,99%,99.9%,99.99%,100%
GET,/api/notes,73181,0,60,80.86132049159913,7.0191179984249175,849.9101880006492,108687.93499678878,243.873398878805,0.0,60,110,130,140,160,170,190,210,300,330,850
POST,/api/tokens,20,0,1700.0,1692.2525030999168,951.6405549984484,2658.8801350008,183.95,0.06664937589778905,0.0,1800,1900,2000,2300,2600,2700,2700,2700,2700,2700,2700
,Aggregated,73201,0,60,81.30158529197307,7.0191179984249175,2658.8801350008,108658.28950424175,243.9400482547028,0.0,60,110,130,140,160,170,190,210,310,1900,2700
