Type,Name,Request Count,Failure Count,Median Response Time,Average Response Time,Min Response Time,Max Response Time,Average Content Size,Requests/s,Failures/s,50%,66%,75%,80%,90%,95%,98%,99%,99.9%,99.99%,100%
GET,/api/notes,14933,0,410.0,396.1835317402295,40.89769300117041,851.3918059979915,108661.21609857363,49.76510172667392,0.0,410,450,480,490,530,560,590,620,760,840,850
POST,/api/tokens,20,0,2200.0,2366.5211833000285,947.6147409986879,3506.6908529988723,183.65,0.06665117756200886,0.0,3200,3300,3400,3500,3500,3500,3500,3500,3500,3500,3500
,Aggregated,14953,0,410.0,398.81890611535135,40.89769300117041,3506.6908529988723,108516.12472413562,49.83175290423593,0.0,410,450,480,490,530,560,590,630,1000,3500,3500
