Type,Name,Request Count,Failure Count,Median Response Time,Average Response Time,Min Response Time,Max Response Time,Average Content Size,Requests/s,Failures/s,50%,66%,75%,80%,90%,95%,98%,99%,99.9%,99.99%,100%
GET,/api/notes,84319,113,69,71.32091655114651,25.63370399911946,1555.16358100067,109044.72544740805,279.6812853643621,0.3748145168487876,69,74,77,80,90,99,110,120,150,1500,1600
POST,/api/tokens,20,0,390.0,394.984195500092,259.15815600092174,671.2987500013696,184.0,0.06633885253960842,0.0,450,460,490,500,550,670,670,670,670,670,670
,Aggregated,84339,113,69,71.39766948370419,25.63370399911946,1555.16358100067,109018.91040918199,279.7476242169017,0.3748145168487876,69,74,77,80,90,99,110,120,150,1500,1600
