Type,Name,Request Count,Failure Count,Median Response Time,Average Response Time,Min Response Time,Max Response Time,Average Content Size,Requests/s,Failures/s,50%,66%,75%,80%,90%,95%,98%,99%,99.9%,99.99%,100%
GET,/api/notes,97411,64,60,61.72112877930652,17.657927999607637,1508.7826199996925,109119.28867376375,323.1535606618638,0.21231511720811083,60,64,67,69,76,83,93,100,130,1500,1500
POST,/api/tokens,20,0,270.0,359.6607412504454,246.91193000035128,480.06689400062896,184.0,0.06634847412753463,0.0,440,450,470,470,480,480,480,480,480,480,480
,Aggregated,97431,64,60,61.782287879073834,17.657927999607637,1508.7826199996925,109096.92714844352,323.2199091359913,0.21231511720811083,60,64,67,69,76,83,93,100,130,1500,1500
