Type,Name,Request Count,Failure Count,Median Response Time,Average Response Time,Min Response Time,Max Response Time,Average Content Size,Requests/s,Failures/s,50%,66%,75%,80%,90%,95%,98%,99%,99.9%,99.99%,100%
GET,/api/notes,44610,0,130.0,132.7815280352448,11.794384998211171,425.46195999966585,108691.0,148.65956568581444,0.0,130,150,160,160,180,200,230,260,310,380,430
POST,/api/tokens,20,0,2200.0,1932.6642258998618,787.5505599986354,2829.0576649997092,184.0,0.06664853875176617,0.0,2300,2400,2500,2600,2800,2800,2800,2800,2800,2800,2800
,Aggregated,44630,0,130.0,133.58810777885435,11.794384998211171,2829.0576649997092,108642.37485995967,148.72621422456623,0.0,130,150,160,160,180,200,230,260,330,2500,2800
