Type,Name,Request Count,Failure Count,Median Response Time,Average Response Time,Min Response Time,Max Response Time,Average Content Size,Requests/s,Failures/s,50%,66%,75%,80%,90%,95%,98%,99%,99.9%,99.99%,100%
GET,/api/notes,57197,0,110.0,103.60046888440947,9.858441997494083,360.6312429983518,108691.09729531269,190.62102181636078,0.0,110,140,150,160,170,190,200,220,280,330,360
POST,/api/tokens,20,0,1500.0,1599.884604050203,915.4280170005222,2733.8694400023087,184.05,0.06665420277859356,0.0,1500,2000,2100,2100,2200,2700,2700,2700,2700,2700,2700
,Aggregated,57217,0,110.0,104.12348971219328,9.858441997494083,2733.8694400023087,108653.16904066973,190.68767601913936,0.0,110,140,150,160,170,190,200,220,290,2000,2700
