Type,Name,Request Count,Failure Count,Median Response Time,Average Response Time,Min Response Time,Max Response Time,Average Content Size,Requests/s,Failures/s,50%,66%,75%,80%,90%,95%,98%,99%,99.9%,99.99%,100%
GET,/api/notes,117441,0,50,51.17116432159122,19.26865699897462,1500.3635740013124,109181.00008514913,389.608643223239,0.0,50,53,54,56,60,65,72,77,98,1500,1500
POST,/api/tokens,20,0,410.0,441.94135859997914,319.13061599880166,617.5952539997525,183.9,0.06634968081389617,0.0,520,520,530,540,600,620,620,620,620,620,620
,Aggregated,117461,0,50,51.237700481555486,19.26865699897462,1500.3635740013124,109162.44122730098,389.6749929040529,0.0,50,53,54,56,60,65,72,77,100,1500,1500
